,0
0,125xc.com
1,4dle.info
2,9c40a04e9732e6a6.com
3,a-blog.eu
4,a9-project.com
5,ab913aa797e78b3.com
6,abraji.org.br
7,actressytzqcvihnk.top
8,aestrych.win
9,afforcedpvpuvfd.download
10,africanbeauty.top
11,aggressorqildemna.website
12,agonistazcpv.download
13,allaprizes.party
14,allegesinqpnoe.top
15,allextension4upgrade.site
16,allextensionforupdates.download
17,allodqvyxxn.top
18,allupdatingyouwilleverneed.review
19,allupgradesyouwilleverneed.stream
20,alreadybest2updates.stream
21,alreadybest4update.stream
22,alreadybestforupdate.download
23,alwaysbetterforupdates.website
24,alwaysdebug2update.website
25,alwaysdebug4update.website
26,amptb.pro
27,anagogesnqvajy.website
28,androidweb.xyz
29,animecrave.com
30,antonymousplxmqcfvs.download
31,apple-mac.pro
32,appraisingemfxg.download
33,appstate.mobi
34,arcadeagenda.win
35,arcreqz.top
36,arskit-wd.com
37,atomcurve.com
38,atominik.com
39,aukletsjynwmi.top
40,aureoleswzkbytaq.website
41,automrxowsdxm.download
42,avalibaleupdateswinmacgreat.stream
43,b1fe8a95ae27823.com
44,backtree-234235262.bid
45,bafflesitfjtxan.download
46,bapb.gdn
47,bedex.xyz
48,beepingaqwmrakq.top
49,beeswaxqluqy.download
50,bellpushesmejiffme.top
51,bestupdtthatyoucanimaginenowdays.top
52,bestupdtthatyoucanimaginenowdaysrelaible.bid
53,bestupdyoucanhaveallthetimemacwin.stream
54,bestupdyoucanhaveallthetimemacwinbest.stream
55,bestupdyoucanhaveallthetimemacwingreat.bid
56,bestupdyoucanhaveallthetimemacwinsafe.win
57,bestupdyoucanhaveallthetimemacwintoday.win
58,bestusualreliableupdtforsoft.top
59,betagit.site
60,bevueoyhfg.website
61,bewox.xyz
62,biggerandlonger4updating.download
63,biggerandlongerforupdating.stream
64,biggerandlongerupdate.stream
65,biggerandlongerupdate.win
66,biggerandlongerupdates.stream
67,biggerandlongerupdating.bid
68,blunkssyccae.top
69,bonaxugemjo.top
70,bonniestwuvieu.download
71,borec.cz
72,braininessligeoab.top
73,breaxem.win
74,brochureningu.website
75,brushwheelgtdgbzi.website
76,bwgbfkgnt.bid
77,cachousoorpzk.website
78,cafarducqhonk.download
79,calibriri.win
80,canzonaemvjuu.website
81,caparran.com
82,carlingbfofarvjx.website
83,caseinogenibmwlqmhk.website
84,casinohacks.co
85,catholiconndfywxs.top
86,cegb.gdn
87,cetix.xyz
88,chackrdrman60.info
89,choreuseeheuets.top
90,chutneysrkcmkwrqb.download
91,ciga.gdn
92,cijc.gdn
93,ciliolateefgntk.download
94,claimbestprize.com
95,click2freeupdatingthebest.win
96,clickforbestandregularupdates.bid
97,clickforfreeandbestupdate.download
98,clickforfreeandbestupdate.pw
99,clickforfreeandbestupdate.win
100,clickreallythebest2update.site
101,clickreallythebest2updating.site
102,clickreallythebestupdates.download
103,clickrealthebest4upgrading.bid
104,clickrealthebesttoupgrade.bid
105,clickrealthebestupgrade.stream
106,clientecentral.online
107,cnljxd.com
108,coachsee.com
109,cobloafqmyyqo.website
110,codegenerators.top
111,com-communications.co
112,com-directory.co
113,com-giveaway.site
114,com-i.world
115,com-offer.website
116,com-protection.info
117,com-register.online
118,com-travel.website
119,com-web-security-review.website
120,com.com
121,comportedchbihegv.website
122,compursionqkzrewwq.download
123,conferredieeyx.download
124,consultivedjrevc.website
125,consumersurvey2.com
126,crazywinner.today
127,d869381a42af33b.com
128,dadwealth.bid
129,dailyprize123.xyz
130,darcek-slovakia2017.info
131,dayroomqmrhr.download
132,deilsyopbnblx.website
133,deliriacxjuafm.download
134,desolatessykkqnh.download
135,devwin.win
136,dibe.gdn
137,didax.xyz
138,digidedax.online
139,digirang.online
140,digirogi.online
141,digithor.online
142,digressivekuqwp.download
143,disappearswuhjtlrj.top
144,diseasefulzxehes.download
145,dislimnoimov.download
146,domanialtmiqjsrc.download
147,dosarb.cricket
148,duteouslygvdarwefq.top
149,dutiesylpazwus.top
150,duxecumen.com
151,dwellingsebukj.download
152,eachdayisagift.review
153,ecstasiesicjikaq.download
154,eebzeaylq.bid
155,eerilyjcyrzcey.top
156,efrable.info
157,ekingkrmxzfpml.download
158,electressmifryjdj.top
159,eliminantvagoglhoj.website
160,enditesdaherkx.download
161,enquete-directe.fr
162,enquete-recherche.com
163,enqueterecherche.com
164,entrezrrkxdg.top
165,ergongbqoyoxw.download
166,erokolsaw12.ru
167,ethalylxvzu.website
168,evadablecguzahrr.top
169,exorcizeaebxz.top
170,extensionforupgrade.top
171,extensionforupgrading.bid
172,eyecupsuzzmjjzkn.download
173,fast-mac-upp.com
174,fidelity-gifts.org
175,fidelity-reward.win
176,fidelity-rewards.club
177,findnew2updates.website
178,finthik.win
179,firc.gdn
180,fireweedskweue.top
181,freeads4433.com
182,freeads9900.com
183,freeukcompetition.com
184,fullingucyyzcy.website
185,fumigatoryrqaruhgl.top
186,fxhrsm.com
187,gadget-giveaways-today.stream
188,galkantress.win
189,gallsyxrzxn.top
190,ganeuiwzfrvg.website
191,gemmaeskbfqh.top
192,getfile76.com
193,getpromo2017.info
194,gewix.xyz
195,gift-sale.stream
196,girrrly.com
197,glacieri.site
198,glauconitexwgsr.download
199,gllantz.win
200,goodbrowsertoupdate.bid
201,google-android-11.com
202,googmel.win
203,grabanything.site
204,grande-enquete-ete.com
205,greatmacwindownforeveryone.stream
206,greatmacwindownforeveryonenow.win
207,greatmacwindownforeveryonetoday.top
208,grosskjlkwccna.download
209,gtempurl.com
210,hackfacebookaccounts.net
211,hadiah247.club
212,haveagreatday.bid
213,helpingsupport.ga
214,heptagonmvclw.top
215,hideouslyjfsuscwtd.top
216,hier-ist-deine-auswahl.de
217,historianhxnhuugmb.website
218,hitvisit.com
219,hometech.com.tr
220,hornletxbaujorp.website
221,hqn-cosmetiques.fr
222,huckabacksqtxdhckn.download
223,humanverify.net
224,i-phonewin.com
225,ideallesscvzrzf.top
226,index95-php.info
227,infinit.cz
228,inkinesspjjpli.download
229,instant-millionaire.net
230,interunionieyyq.download
231,ionizerojaqavkz.top
232,irsap.it
233,it4upgrade.bid
234,it4upgrade.stream
235,it4upgrades.download
236,it4upgrading.stream
237,japonicaxhfew.download
238,jibalt.bid
239,jinc.gdn
240,jncasr.ac.in
241,jocksfxudg.top
242,joli.gdn
243,kakderner.win
244,kebe.gdn
245,keecht.date
246,kegb.gdn
247,kertonite.win
248,kingphones.win
249,kitcheningenhak.top
250,kofcr.top
251,konsumentenumfrage.de
252,kronerrtyqgofq.download
253,kslu.ac.in
254,laminarianxvdcl.download
255,latchkeysmizckbzrd.top
256,leaptflrlnh.top
257,leasingxdaajmtii.download
258,lebrae.review
259,lecythisiloxy.website
260,likimili.win
261,linksita2017.com
262,linktrack.info
263,litreia.com
264,lodox.xyz
265,lucksupply.club
266,lynxfinder.com
267,macservice.site
268,macshield.online
269,macshield8.club
270,madcatsite58.xyz
271,mandolinefchscpmft.download
272,markeanet.com
273,markfeeling.bid
274,marmeliseommffl.top
275,media2updatealways.bid
276,media2updatealways.stream
277,media2updatesalways.top
278,media4upgradealways.stream
279,mediadom.info
280,mediatoupgradesalways.bid
281,mega-gewinner.de
282,meshiesthygmzkq.download
283,meshugasmocqi.download
284,microsoftstoers.com
285,mobigit.site
286,mobile-syst.com
287,mobilekasper.com
288,mobilelive.club
289,mobileonesec.com
290,mobilescan.pro
291,mobilesecureid.com
292,mobileworry.com
293,mobiverts.com
294,moneyadder.top
295,mridangastuujvcb.download
296,msg0x8.top
297,mulletvbgpct.website
298,myosotisvkrzovi.download
299,nationalprizepickup.club
300,nationalprizepickups.club
301,nationalwinners.club
302,nationalwinners.win
303,neighedeckolaz.top
304,newliveupdateformacandpc.top
305,newsroomsolsnkww.download
306,newworldpromo.com
307,nexthacks.com
308,nictatedaepmfllb.download
309,nomogramsopptw.download
310,nudismwrrocjxe.top
311,numberlito.com
312,obligatiripfbz.website
313,offerpromo.online
314,oiljeed.win
315,online-casinos-today.com
316,onlineslotmaschine.com
317,onlinewinners-fid.net
318,oomiacsmbrmtu.website
319,overtraff.com
320,packstaffsxqirpjfhb.top
321,paintingwinners.accountant
322,pamer.edu.pe
323,panpansecure.site
324,pantalonsgegvet.website
325,paranetejolvywiqg.download
326,pdevo.com
327,pebadu.com
328,perfil.com
329,pertesolo.com
330,petiolatedgojlgdsxe.download
331,physicifmjeml.download
332,pillowywdgpchl.download
333,pinchpennykoutfhme.website
334,pinfishmabev.download
335,plainingibwtn.download
336,playableotemrpb.top
337,pleasedeebfdfahm.top
338,ploversyzavk.top
339,plumeletmvyfrjl.download
340,poisonwinners.men
341,polishedsvcxddsy.download
342,prashu1.xyz
343,predikantsokytneu.website
344,prizegrippe.trade
345,prizeideas.pro
346,prominentgifts.webcam
347,promotesmoujt.website
348,protect.plus
349,pterosaurmazbt.website
350,pygmeanpfceszf.download
351,qae67p.top
352,quonkszhyam.download
353,readybrowser4upgradingall.win
354,readysoftforupdatenow.site
355,readysoftforupdatingnow.website
356,readyteam4upgrading.download
357,readyteamforupgrading.stream
358,recherche-enquete17.com
359,rechercheenquete17.com
360,redcapgudgqarj.website
361,reinformswbilnjbmu.website
362,relkinote.win
363,remercyingynfycoay.download
364,retardmentsjwejvj.top
365,ringmenbnfkg.download
366,ritornellirlxtbq.website
367,rnyfxhatchers.download
368,rooteer.win
369,rudasesyanywi.top
370,rustyrgfzmh.top
371,samarauqfiax.top
372,samovargjpoqbjj.top
373,samsungprize.xyz
374,saxnuexmon.com
375,schlockeseknauop.download
376,scrawliestliopa.download
377,scrawmstvkpujy.download
378,sealeroavzdo.top
379,securespider.site
380,seethisamazinguogradeswinmacawesome.win
381,seethisamazinguogradeswinmacnow.win
382,seethisamazinguogradeswinmacthisweek.bid
383,seggarsifhidfc.download
384,seismogramqhdpmtk.top
385,selected-rewards.xyz
386,sensorialrtlmqb.website
387,senzavirus.com
388,shadetreecafe.com
389,sharpnessdqiimjg.download
390,sheematol.win
391,shellfishsorburwnl.download
392,shentine.win
393,shielomrmkzxkd.website
394,shopandbox.com
395,shortcutrftocnw.download
396,showersfkrpilyh.download
397,shulwzmaow.website
398,simpailoppvw.download
399,snapbox.site
400,soarednmnpurphw.download
401,soundharborredirect.com
402,sparkswxydzgjy.website
403,speckingpeyeqj.top
404,spialtvpmxo.top
405,spidize.com
406,splatzmmkvu.download
407,sponsergift.club
408,spreadshark.com
409,statocystsnnozu.top
410,stetroolin.win
411,stickyingrsqta.website
412,strapperfzoii.download
413,strategytel.club
414,stupendouspuiacrvua.download
415,sturgeonsyyeglhw.website
416,subclimaxfnhudmnd.download
417,subtenancyaqeeepjuz.top
418,sufferablynqlymo.website
419,suggestingampgcj.top
420,suitredik12.info
421,suitredik90.info
422,suitredik97.info
423,summarisedacaccycg.top
424,suppinglefuvse.download
425,svmjfrmetalloid.download
426,swayerzbien.top
427,syncopatesyrbajg.top
428,systemrepair.win
429,t1ny.site
430,talldlhuvb.top
431,tarnserde.website
432,teamtoupgrading.download
433,temperersgelvhakyk.download
434,tenantrymishdg.download
435,thanksforupgradingall.bid
436,thealwaysbetter2upgradebuddy.stream
437,thealwaysbettertoupdates.download
438,thealwaysbettertoupdates.stream
439,thealwaysbettertoupdating.bid
440,thealwaysbettertoupdatingbuddy.download
441,thebattleforsafetoupdate.website
442,thebattlesafe4update.top
443,thebattlesafe4updating.stream
444,thebestforupdatinggame.top
445,thebestoforupdating.download
446,thebestofupgrade.win
447,thebestofupgrades.bid
448,thebigandalwaysfree4updates.download
449,thebigandalwaysfree4updates.stream
450,thebigandalwaysfreetoupdate.website
451,thebigandalwaysfreetoupdate.win
452,thebigandalwaysfreetoupdates.download
453,thebigandsafer4update.download
454,thebigandsafer4updates.space
455,thebigandsafer4updating.stream
456,thebigandsaferforupdating.space
457,thebigandsaferforupgrade.stream
458,thebigandsaferforupgrades.stream
459,thebigandsaferforupgrades.win
460,thebigandsaferupgrades.website
461,thebigdebugsoft.top
462,thebigforupdatesthisyearnew.download
463,thebiggerandstableupgrade.bid
464,thebiggesteverforupgradingnow.bid
465,thebiggesteverforupgradingnow.win
466,thedebug2updates.stream
467,thedebug2updating.top
468,thedebugupdates.top
469,thereallybetter2upgrade.site
470,thereallybettertoupgrade.website
471,thereallybettertoupgrading.site
472,thereallygoodupdating.stream
473,thermaekmcrui.website
474,thermsojpkteq.website
475,thesafeandalwaysready4upgrade.win
476,thesafeandalwaysready4upgrading.website
477,thesafeandalwaysready4upgrading.win
478,thesafeandbettersystemtoupdate.top
479,thesafeandbettersystemtoupdating.site
480,thesafeandbettersystemupdate.website
481,thesoft-developedforfreeandstable.top
482,thespecialupgrade4u.space
483,thespecialupgrade4u.website
484,theultimatedebug4upgrading.bid
485,theultimatedebugforupgrades.bid
486,theultimatevideoandaudiomedia2upgrade.bid
487,thgtrxfpy.bid
488,thicksetchrzcu.download
489,tipjiightnaggers.download
490,tittupsbqkuvxqu.website
491,top-24h-can-store.com
492,topclubluxury.com
493,torrent9.co
494,toursapplicationdownloads.com
495,transeptsqmgyfc.website
496,trashierinljrp.download
497,trytowin.win
498,tunersyxofqeak.download
499,tweedyydmsxua.website
500,twirlerzonjlqj.website
501,tyconich.win
502,tygonech.win
503,ukprizecompetition.com
504,uninvestedctciupdr.website
505,unrepairedvszqt.top
506,unwormedqugsr.download
507,updatenowyoursysfabsafe.stream
508,utkokon.win
509,valvulitisnkndvma.top
510,vandalsxlaadkbcv.website
511,verkolasti.pw
512,verticiluyqnyrdd.download
513,video2updatenow.bid
514,videoappset2upgrade.win
515,videoappset2upgrading.website
516,videoappsetforupgrading.stream
517,videotapedkhfshlcb.website
518,vilelyukbwmpvw.website
519,vintrieshctmeazr.top
520,viralsecurity.site
521,w37-scan-viruses.club
522,wackoqczwjds.download
523,wadmaalqaqlpdea.website
524,wagerersivrvnemu.download
525,waggishwinner.bid
526,wapnotify.com
527,wawbedistr.com
528,welkingmkscrmgc.download
529,whishedsuarjz.top
530,wholesalespkyogm.top
531,win-everyday.top
532,win2protekt.info
533,win3protekt.info
534,windowsguard.online
535,winnersappetency.trade
536,winnersresonance.racing
537,winshield.today
538,winshield6.club
539,wizipsum.com
540,womensqgyzezzp.download
541,wouralistvdmttom.download
542,wrassesnlcttt.top
543,xxe8.com
544,yachtedcjxrjqr.download
545,yamenscdjeggdb.website
546,yataganslmmvpvds.website
547,yeah-mobile.com
548,yompingbpppmtppw.download
549,yourbestever4updatesbuddy.space
550,yourbestever4updatingbuddy.bid
551,yourbestevertoupdatebuddy.download
552,yourbestevertoupdatebuddy.win
553,yourbestevertoupdatesbuddy.space
554,yourbestevertoupdatingbuddy.bid
555,yourbestevertoupdatingbuddy.website
556,yourbestsoftupgrade.download
557,yourbigandallfree2upgrade.website
558,yourbigandallfreetoupgrade.bid
559,yourbigandallfreetoupgrades.stream
560,yourbigandbestoupdates4ever.bid
561,yourbigandbestoupdating4ever.stream
562,yourbigandbestupdates4ever.stream
563,yourbigandbestupdating4ever.bid
564,yourbigandbestupdating4ever.download
565,yourbigandbestupdating4ever.top
566,yourbrowser2updating.top
567,yourbrowsermedia4updating.download
568,yourbrowsermediaforupdate.download
569,youremploymentnewtork.website
570,yourfree2upgradesiteall.download
571,yourfree4updatesites.bid
572,yourfreeforupdatesite.download
573,yourfreenew4everupgradingnow.bid
574,yourfreenew4everupgradingnow.stream
575,yourfreetoupdatesite.stream
576,yourfreetoupgradeall.download
577,yourfreetoupgradesall.bid
578,yourfreetoupgradesall.download
579,yourgood2updatingbuddy.bid
580,yourgoodupdatebuddy.site
581,yournewbesttoupdatesplace.download
582,yourreliable4updates.bid
583,yourreliabletoupgrade.download
584,yourreliabletoupgrade.top
585,yourreliabletoupgrades.download
586,yoursafeandult2updates.bid
587,yoursafestandready2upgrade.download
588,yoursafestandreadytoupgrades.stream
589,yoursophisticatedupgrading.win
590,yourultimatetested4updates.site
591,yourultimatetested4upgrades.download
592,yourultimatetestedtoupdate.download
593,youtibe.com
594,yscentralreport.site
595,zenexor.win
596,zluckywinner.info
597,zmobio.com
